timestamp,tweet_text,followers_count
2020-09-29 23:59:36,b'$KO Slaps Their Name On It  $aapl $amzn $abbv $ba $brk $bhc $crm $cmg $dis $f $ge $gm $hlf $iep $ibm $ko $pep $msft $nflx $fb $wfc $jpm $bac $c $ms $gs $shak $mcd $qsr $luv $dal $ual $pfe $goog $btc $nke $sbux $orcl $intc $xlnx $nke $sbux $mnst https://t.co/mjublFYUit',130
2020-09-29 23:36:00,"b'Risk comes from not knowing what you are doing.\r $RCL $BYND $GM $GS $NIO $EOG $RRC $OMI $SPWR $LAD $MRNA $ARQT $PFG $MU $CCXX $CVAC $GDRX $MYOV $SSSS $SNX | For Stock, Options, Forex and Crypto Trading discussion join https://t.co/AEjWYVbyWB (FREE)'",1287
2020-09-29 23:21:00,"b'$MYL Mylan Option Alert: Jan 15 $25 Puts at the Bid: 1200 @ $10.551 vs 154210 OI; Earnings 11/3 Before Open [est] Ref=$14.71 [9/29/2020, 7:45:10 AM] [+$500k Sweeps Above Midpoint] Other Sweeps on: $VIPS $TWTR $EWG $USB $TLT $CBRE $GS $BYND $STM $AA $LB $FCX'",757
2020-09-29 23:21:00,b'Get today winning alerts https://t.co/U9n2KaLWTv  $nio $shop $bynd $mu $unfi $jpm $blnk $useg $spce $gs $husa $aapl $srne $lmfa $apm $amd $adil $tsla $spy $aal $wwr $pton $dkng $abev $wfc $fit $gnus $m $wkhs $ped $ccl $plug $mro $bbd $itub $grnq $brn $ensv $fb $cei $sq $znga $slb https://t.co/TRerN6phOC',9
2020-09-29 23:14:12,b'The Banks Are Gonna Get Tough On Delinquencies! They Always Do!  Hear The Bell?  $aapl $amzn $abbv $ba $brk $bhc $crm $cmg $dis $f $ge $gm $hlf $iep $ibm $ko $pep $msft $nflx $fb $wfc $jpm $bac $c $ms $gs $shak $mcd $qsr $luv $dal $ual $pfe $goog $btc $nke $sbux $orcl $intc $xlnx https://t.co/vPxNAzjaEK',130
2020-09-29 23:12:24,b'Foreclosures &amp; Repos Loom  $aapl $amzn $abbv $ba $brk $bhc $crm $cmg $dis $f $ge $gm $hlf $iep $ibm $ko $pep $msft $nflx $fb $wfc $jpm $bac $c $ms $gs $shak $mcd $qsr $luv $dal $ual $pfe $goog $btc $nke $sbux $orcl $intc $xlnx $uber $lyft https://t.co/9bkZtCKIz0',130
2020-09-29 23:07:39,"b""America's Holiday Season Will Be Ruined For Many. Stimulus Too Little Too Late  $aapl $amzn $abbv $ba $brk $bhc $crm $cmg $dis $f $ge $gm $hlf $iep $ibm $ko $pep $msft $nflx $fb $wfc $jpm $bac $c $ms $gs $shak $mcd $qsr $luv $dal $ual $pfe $goog $btc $nke $sbux $orcl $intc $xlnx""",130
2020-09-29 23:02:16,b'Bad Things Happen To Bad Companies  $aapl $amzn $abbv $ba $brk $bhc $crm $cmg $dis $f $ge $gm $hlf $iep $ibm $ko $pep $msft $nflx $fb $wfc $jpm $bac $c $ms $gs $shak $mcd $qsr $luv $dal $ual $pfe $goog $btc $nke $sbux $orcl $intc $xlnx $hd snap https://t.co/7u8ie7V1v1',130
2020-09-29 23:00:17,"b""What is top of mind for German corporate leaders heading into the remainder of 2020? $GS' Michael Schmitz explains in this episode of The Daily Check-In: https://t.co/ikBlFaJCl4 https://t.co/3gMOR8bjPW""",813289
2020-09-29 22:51:07,b'#down day $nasdaq $es_f $AAPL #daytrading #marketprofile #futures $spx $zb_f $nq_f $cl_f $GC_f $amzn $XOM $ibm $googl $AVGO $WFM $cvs $bac $td $WMT $COST $WFC $jnj $GE $GS $tsla $utx $fb $JPM $dis $MCD $mo $NKE $TGT $RHT $V $gc_f https://t.co/pbHaLzdOMA',6105
2020-09-29 22:51:00,b'Get today winning alerts https://t.co/U9n2KaLWTv  $nio $shop $bynd $mu $unfi $jpm $blnk $useg $spce $gs $husa $aapl $srne $lmfa $apm $amd $adil $tsla $spy $aal $wwr $pton $dkng $abev $wfc $fit $gnus $m $wkhs $ped $ccl $plug $mro $bbd $itub $grnq $brn $ensv $fb $cei $sq $znga $slb https://t.co/ejjdahmi6F',9
2020-09-29 22:50:00,b'*Another great week! Gains of over 2400% and over 18% returns!! A big thank you to this community https://t.co/3ts90sNtzD  $AAPL $GNUS $TSLA $AAL $SRNE $NAOV $SUNW $OXBR $OPK $SPY $AMD $LONE $INO $WKHS $CZR $UAL $NKLA $PLUG $NIO $BYND $USEG $SHOP $GS $UNFI $GDDY $BLINK $DKNG $MU https://t.co/8URzdUbeCu',61
2020-09-29 22:49:32,b'Join the most profits trading alerts chatroom&gt; https://t.co/CmCIV7vIef  $SPY $QQQ $NDX $DIA $IWM $NFLX $FB $INTC $SMH $AAPL $NVDA $TSLA $ES $YM $AMZN $BA $GS $JPM https://t.co/Uo0cLg6MSr',457
2020-09-29 22:44:23,"b""WEEKLY UPDATE @ TODAY'S CLOSE (9/29):  Closed Positions:  1.) $AMZN +$2,020 2.) $GOOGL +$2,160 3.) $GS -$40 5.) $NVDA +$800 6.) $PTON + $500  CLOSED P&amp;L = +$4,440  OPEN POSITIONS:  1.) $PTON put credit spread 2.) $BABA put credit spread 3.) $AMZN put credit spread""",27
2020-09-29 22:41:00,"b""As #Boeing Fights To Survive It's CEO Still Sits On #Caterpillar's BOD $aapl $amzn $abbv $ba $brk $bhc $crm $cmg $dis $f $ge $gm $hlf $iep $ibm $ko $pep $msft $nflx $fb $wfc $jpm $bac $c $ms $gs $shak $mcd $qsr $luv $dal $ual $pfe $goog $btc $nke $sbux $orcl $intc $tsla $cat $tst https://t.co/DaECgJkJbs""",130
2020-09-29 22:40:00,"b'Started trading with $3k, down to $1k, back up to $42k. Big thanks to this community https://t.co/cB9ml2A8dt  $AAPL $GNUS $TSLA $AAL $SRNE $NAOV $SUNW $OXBR $OPK $SPY $AMD $LONE $INO $WKHS $CZR $UAL $NKLA $PLUG $NIO $BYND $USEG $SHOP $GS $UNFI $GDDY $BLINK $DKNG $MU $NOVS $MYOV'",147
2020-09-29 22:26:36,b'ARE YOU READY TO RUMBLE?  $aapl $amzn $abbv $ba $brk $bhc $crm $cmg $dis $f $ge $gm $hlf $iep $ibm $ko $pep $msft $nflx $fb $wfc $jpm $bac $c $ms $gs $shak $mcd $qsr $luv $dal $ual $pfe $goog $btc $nke $sbux $orcl $intc $xlnx $hd snap $tst $pg https://t.co/geSKpSWEm9',130
2020-09-29 22:21:00,b'Get today winning alerts https://t.co/U9n2KaLWTv  $nio $shop $bynd $mu $unfi $jpm $blnk $useg $spce $gs $husa $aapl $srne $lmfa $apm $amd $adil $tsla $spy $aal $wwr $pton $dkng $abev $wfc $fit $gnus $m $wkhs $ped $ccl $plug $mro $bbd $itub $grnq $brn $ensv $fb $cei $sq $znga $slb https://t.co/zWJJ3MFOf2',9
2020-09-29 22:20:00,b'Another great week! I\xe2\x80\x99ve made over 45k by their alerts https://t.co/3ts90sNtzD  $NIO $BYND $USEG $SHOP $GS $UNFI $GDDY $BLINK $DKNG $MU $NOVS $MYOV $APDN $MXC $BZUN $SPY $QQQ $AMZN $NVDA $BA $TSLA $BABA $AMD $AAPL $NFLX $TWTR $AAL $NIO $INO $OXY $CCL $FB $USO $DAL $TWLO $UGAZ https://t.co/Bq0m4nfmhv',61
2020-09-29 22:11:41,b'Best crypto server with instant updates and alerts and free analysis join here :https://t.co/2cBl7hQVzW  $STORJ $EOS $ADA $XLM $TRS  $ZEC $TUSD $MOGX $ICX $ZRX $REP $BTM $BTS $SNI $ULT $NKE $UTX $VZ $WBA $WYNN $XLNX $ACN $FB $NFLX $DLTR $EA $SPY $SPX $DJIA $HD $GS $BA $GDX $VZ $F https://t.co/AblE8haqi5',29
2020-09-29 22:00:00,"b'$MU $NIO $DIS $BYND $CCXX $REGN $GS $SPWR $SNX $INO : Trending Tickers ( #traderead Free alerts, Option Sweeps , Trading Ideas ... https://t.co/AEjWYVbyWB)'",1287
2020-09-29 21:51:00,b'Get today winning alerts https://t.co/U9n2KaLWTv  $nio $shop $bynd $mu $unfi $jpm $blnk $useg $spce $gs $husa $aapl $srne $lmfa $apm $amd $adil $tsla $spy $aal $wwr $pton $dkng $abev $wfc $fit $gnus $m $wkhs $ped $ccl $plug $mro $bbd $itub $grnq $brn $ensv $fb $cei $sq $znga $slb https://t.co/4LYZk3q3Jo',9
2020-09-29 21:45:13,b'Happy dividend day to my fellow $GS shareholders \xf0\x9f\x8f\xa6 ! https://t.co/xcY1pBs04X',207
2020-09-29 21:43:04,b'Directional Bias for Goldman Sachs Group $GS Trading Report https://t.co/oipyYx7oI1 Click for Details https://t.co/NRVMInOA2H',1474
2020-09-29 21:42:35,"b""Citi's McGuire meets with banking leaders over likely NYC mayoral run, CNBC says $BAC $C $JPM $USB $WFC $GS $MS""",1423
2020-09-29 21:41:15,b'Goldman Sachs Group $GS Trading Report https://t.co/plvh38hYNk Click for Buy/Sell',1474
2020-09-29 21:34:04,b'$GS - Prospectus Filed Pursuant to Rule 424(b)(2) (424b2) https://t.co/R9xnaRR2aX',304
2020-09-29 21:34:04,b'$GS - Prospectus Filed Pursuant to Rule 424(b)(2) (424b2) https://t.co/pta5HxRpwu',181
2020-09-29 21:31:59,"b'$GS [15s. delayed] filed form 424B2 on September 29, 17:31:02 https://t.co/xp7N86UOFY'",1418
2020-09-29 21:30:00,"b'Best trading community, GET STOCKS &amp; OPTIONS ALERTS: https://t.co/KHWUEoreCr  $NIO $BYND $USEG $SHOP $GS $UNFI $GDDY $BLINK $DKNG $MU $NOVS $MYOV $APDN $MXC $BZUN $AAPL $GNUS $TSLA $AAL $SRNE $NAOV $SUNW $OXBR $OPK $SPY $AMD $LONE $INO $WKHS $CZR $UAL $NKLA $PLUG https://t.co/aonS8J6nxX'",103
2020-09-29 21:21:53,b'Gains of over 2400% and over 18% returns https://t.co/jpHNRDzcZr  $nvda $fcel $snap $opk $btc.x $twtr $amzn $watt $ibm $dis $nio $shop $bynd $mu $unfi $jpm $blnk $useg $spce $gs $husa $aapl $srne $lmfa $apm $amd $adil $tsla $spy $aal $wwr $pton $dkng $abev $wfc $fit $gnus $m https://t.co/EZEutelVmF',6
2020-09-29 21:21:00,b'Get today winning alerts https://t.co/U9n2Kaum1X  $nio $shop $bynd $mu $unfi $jpm $blnk $useg $spce $gs $husa $aapl $srne $lmfa $apm $amd $adil $tsla $spy $aal $wwr $pton $dkng $abev $wfc $fit $gnus $m $wkhs $ped $ccl $plug $mro $bbd $itub $grnq $brn $ensv $fb $cei $sq $znga $slb https://t.co/zzKnAWAmNW',9
2020-09-29 21:13:06,b'$GS - Prospectus Filed Pursuant to Rule 424(b)(2) (424b2) https://t.co/GAn1JOaQtL',304
2020-09-29 21:13:06,b'$GS - Prospectus Filed Pursuant to Rule 424(b)(2) (424b2) https://t.co/ZPeEi0H6dT',181
2020-09-29 21:11:54,"b'$GS [15s. delayed] filed form 424B2 on September 29, 17:10:51 https://t.co/4ijLlQdNVz'",1418
2020-09-29 21:11:10,b'$GS  under 194.89 takes this into a tail spin into 185 then 178',4621
2020-09-29 21:10:00,"b'Started trading with $3k, down to $1k, back up to $42k. Big thanks to this community https://t.co/cB9ml2RJ51  $AAPL $GNUS $TSLA $AAL $SRNE $NAOV $SUNW $OXBR $OPK $SPY $AMD $LONE $INO $WKHS $CZR $UAL $NKLA $PLUG $NIO $BYND $USEG $SHOP $GS $UNFI $GDDY $BLINK $DKNG $MU $NOVS $MYOV'",147
2020-09-29 21:09:10,"b'$GS [15s. delayed] filed form 424B2 on September 29, 17:08:12 https://t.co/L2CeDaaEDE'",1418
2020-09-29 21:07:06,b'$GS - Prospectus Filed Pursuant to Rule 424(b)(2) (424b2) https://t.co/yDl7iy6iIu',304
2020-09-29 21:07:05,b'$GS - Prospectus Filed Pursuant to Rule 424(b)(2) (424b2) https://t.co/XZnt3CZ0CC',181
2020-09-29 21:05:27,"b""Highly profitable trading room with 20k+ active members, I've got 5.7k last week. https://t.co/jpHNRDzcZr  $nio $shop $bynd $mu $unfi $jpm $blnk $useg $spce $gs $husa $aapl $srne $lmfa $apm $amd $adil $tsla $spy $aal $wwr $pton $dkng $abev $wfc $fit $gnus $m $wkhs $ped $ccl $plug https://t.co/VBXG5yRvCS""",6
2020-09-29 21:04:08,b'$GS - Prospectus Filed Pursuant to Rule 424(b)(2) (424b2) https://t.co/OGmntn6Jhb',304
2020-09-29 21:04:07,b'$GS - Prospectus Filed Pursuant to Rule 424(b)(2) (424b2) https://t.co/69SVOAACIN',181
2020-09-29 20:58:04,b'$GS - Prospectus Filed Pursuant to Rule 424(b)(2) (424b2) https://t.co/a3az7n7qRf',304
2020-09-29 20:58:04,b'$GS - Prospectus Filed Pursuant to Rule 424(b)(2) (424b2) https://t.co/TVt26z5vxn',181
2020-09-29 20:56:34,b'Great trading opportunity https://t.co/jpHNRDzcZr  $wkhs $ped $ccl $plug $mro $bbd $itub $grnq $brn $ensv $fb $cei $sq $znga $slb $nvda $fcel $snap $opk $btc.x $twtr $amzn $watt $ibm $dis $nio $shop $bynd $mu $unfi $jpm $blnk $useg $spce $gs $husa $aapl $srne $lmfa https://t.co/G3YrLNO5Vz',6
2020-09-29 20:53:23,"b""Tuesday's Top Flow in #Financial sector, Buy Flow &amp; Sell Flow $GS $ALL $MS $NDAQ $RF $DFS $USB $FITB $JPM $TROW $BAC $CB $CME $SCHW $C $WFC $PGR $AXP $TRV $COF #stock #stocks #StockMarket #Investment #finance #investing https://t.co/5JE2nlrW3B https://t.co/OqjTz7OuAD""",4556
2020-09-29 20:52:28,"b'Today winning alerts, Gains of over 2400% and over 18% returns!! https://t.co/WAJGKoi1ve  $nio $shop $bynd $mu $unfi $jpm $blnk $useg $spce $gs $husa $aapl $srne $lmfa $apm $amd $adil $tsla $spy $aal $wwr $pton $dkng $abev $wfc $fit $gnus $m $wkhs $ped $ccl $plug $mro  $fb $znga'",0
2020-09-29 20:52:13,b'Gains of over 2400% and over 18% returns https://t.co/jpHNRDzcZr  $cei $sq $znga $slb $nvda $fcel $snap $opk $btc.x $twtr $amzn $watt $ibm $dis $nio $shop $bynd $mu $unfi $jpm $blnk $useg $spce $gs $husa $aapl $srne $lmfa $apm $amd $adil $tsla $spy $aal $wwr $pton $dkng $abev https://t.co/3Z2Bsm0IeP',6
2020-09-29 20:51:00,b'Get today winning alerts https://t.co/U9n2KaLWTv  $nio $shop $bynd $mu $unfi $jpm $blnk $useg $spce $gs $husa $aapl $srne $lmfa $apm $amd $adil $tsla $spy $aal $wwr $pton $dkng $abev $wfc $fit $gnus $m $wkhs $ped $ccl $plug $mro $bbd $itub $grnq $brn $ensv $fb $cei $sq $znga $slb https://t.co/pnr9be9rkq',9
2020-09-29 20:50:00,b'Most profitable trading community!!! I made 45k with them:  https://t.co/3ts90t54Yd  $NIO $BYND $USEG $SHOP $GS $UNFI $GDDY $BLINK $DKNG $MU $NOVS $MYOV $APDN $MXC $BZUN $SPY $QQQ $AMZN $NVDA $BA $TSLA $BABA $AMD $AAPL $NFLX $TWTR $AAL $NIO $INO $OXY $CCL $FB $USO $DAL $TWLO https://t.co/TSfq2T1ROc',61
2020-09-29 20:48:44,b'Awesome place for trading https://t.co/jpHNRDzcZr  $nio $shop $bynd $mu $unfi $jpm $blnk $useg $spce $gs $husa $aapl $srne $lmfa $apm $amd $adil $tsla $spy $aal $wwr $pton $dkng $abev $wfc $fit $gnus $m $wkhs $ped $ccl $plug $mro $bbd $itub $grnq $brn $ensv $fb https://t.co/Sg5fNoxO2s',6
2020-09-29 20:46:09,b'Spotify\xe2\x80\x99s CEO and Goldman Sachs have both invested in this high-tech Tesla rival  $SPOT $GS $TSLA  https://t.co/XYKTAomRuh',30281
2020-09-29 20:43:06,b'$GS - Prospectus Filed Pursuant to Rule 424(b)(2) (424b2) https://t.co/oxTXTqftZn',304
2020-09-29 20:43:05,b'$GS - Prospectus Filed Pursuant to Rule 424(b)(2) (424b2) https://t.co/XCLRTYu48s',181
2020-09-29 20:34:07,b'$GS - Prospectus Filed Pursuant to Rule 424(b)(2) (424b2) https://t.co/RgaQI7OPPU',304
2020-09-29 20:34:07,b'$GS - Prospectus Filed Pursuant to Rule 424(b)(2) (424b2) https://t.co/18DhTiwQW4',181
2020-09-29 20:30:09,b'What\xe2\x80\x99s the latest deal activity in the industrials sector? Matt McClure of $GS Investment Banking explains: https://t.co/rWU5NX1DrE https://t.co/kap4xYgm8M',813289
2020-09-29 20:28:11,b'$GS - Prospectus Filed Pursuant to Rule 424(b)(2) (424b2) https://t.co/Ze58Ej7LAr',181
2020-09-29 20:28:10,b'$GS - Prospectus Filed Pursuant to Rule 424(b)(2) (424b2) https://t.co/WqBrMnJkrC',304
2020-09-29 20:22:08,b'$GS - Prospectus Filed Pursuant to Rule 424(b)(2) (424b2) https://t.co/qMEtzM8TAZ',304
2020-09-29 20:22:07,b'$GS - Prospectus Filed Pursuant to Rule 424(b)(2) (424b2) https://t.co/Yy8rh0CuI4',304
2020-09-29 20:22:06,b'$GS - Prospectus Filed Pursuant to Rule 424(b)(2) (424b2) https://t.co/xqPfR8vIWl',181
2020-09-29 20:22:06,b'$GS - Prospectus Filed Pursuant to Rule 424(b)(2) (424b2) https://t.co/xWzctf76a9',181
2020-09-29 20:21:00,b'Get today winning alerts https://t.co/U9n2Kaum1X  $nio $shop $bynd $mu $unfi $jpm $blnk $useg $spce $gs $husa $aapl $srne $lmfa $apm $amd $adil $tsla $spy $aal $wwr $pton $dkng $abev $wfc $fit $gnus $m $wkhs $ped $ccl $plug $mro $bbd $itub $grnq $brn $ensv $fb $cei $sq $znga $slb https://t.co/gZKyrMc4nS',9
2020-09-29 20:17:55,b'$GS enters Death Cross for the first time since September 2nd: https://t.co/XUAFithrOb Sentiment: Slightly bearish #GS #Goldman',852
2020-09-29 20:16:10,b'$GS - Prospectus Filed Pursuant to Rule 424(b)(2) (424b2) https://t.co/FndJBgYsZk',304
2020-09-29 20:16:09,b'$GS - Prospectus Filed Pursuant to Rule 424(b)(2) (424b2) https://t.co/Mv0GrYWZX1',181
2020-09-29 20:14:32,"b'$GS [15s. delayed] filed form 424B2 on September 29, 16:13:26 https://t.co/RfxZogTOEK'",1418
2020-09-29 20:07:06,b'$GS - Prospectus Filed Pursuant to Rule 424(b)(2) (424b2) https://t.co/cj0dImhycg',304
2020-09-29 20:07:06,b'$GS - Prospectus Filed Pursuant to Rule 424(b)(2) (424b2) https://t.co/0ZsHRhgs8W',181
2020-09-29 20:06:49,"b'$GS [15s. delayed] filed form 424B2 on September 29, 16:05:53 https://t.co/IhrXK88euv'",1418
2020-09-29 20:06:29,"b'$GS [15s. delayed] filed form 424B2 on September 29, 16:05:23 https://t.co/OiIUCP8fuc'",1418
2020-09-29 20:05:40,"b'$GS [15s. delayed] filed form 424B2 on September 29, 16:04:36 https://t.co/L4zLOgDxpN'",1418
2020-09-29 20:04:18,b'$GS - Prospectus Filed Pursuant to Rule 424(b)(2) (424b2) https://t.co/tbdaN6xUsx',304
2020-09-29 20:04:18,b'$GS - Prospectus Filed Pursuant to Rule 424(b)(2) (424b2) https://t.co/6Pj6b8LGBp',181
2020-09-29 20:02:25,"b'$GS [15s. delayed] filed form 424B2 on September 29, 16:01:13 https://t.co/aWGF1paDXm'",1418
2020-09-29 20:01:05,b'$GS - Prospectus Filed Pursuant to Rule 424(b)(2) (424b2) https://t.co/QRABbB1lPR',304
2020-09-29 20:01:04,b'$GS - Prospectus Filed Pursuant to Rule 424(b)(2) (424b2) https://t.co/7DP7zmSNHp',181
2020-09-29 20:00:54,b'$GS Exp: 10/2/2020 | MaxPain: 195.0 | High Put Open Interest: 190.0(1453) | High Call Open Interest: 205.0(1969) | Unusual Options Activity: 31 #options https://t.co/bUfVfyQlMs',185
2020-09-29 20:00:32,"b'$GS [15s. delayed] filed form 424B2 on September 29, 15:59:10 https://t.co/dKnKRu7VW1'",1418
2020-09-29 20:00:00,"b'$NIO $BYND $CCXX $ZM $MU $INO $SPWR $GS $SSSS $SHOP : Trending Tickers ( #traderead Free alerts, Option Sweeps , Trading Ideas ... https://t.co/AEjWYVbyWB)'",1287
2020-09-29 20:00:00,"b'$GS [15s. delayed] filed form 424B2 on September 29, 15:58:40 https://t.co/NDSL7emVFq'",1418
2020-09-29 19:58:58,b'Best crypto server with instant updates and alerts and free analysis join here :https://t.co/2cBl7hQVzW  $STORJ $EOS $ADA $XLM $TRS  $ZEC $TUSD $MOGX $ICX $ZRX $REP $BTM $BTS $SNI $ULT $NKE $UTX $VZ $WBA $WYNN $XLNX $ACN $FB $NFLX $DLTR $EA $SPY $SPX $DJIA $HD $GS $BA $GDX $VZ https://t.co/OzrB8bXrCZ',29
2020-09-29 19:57:21,"b'$GS [15s. delayed] filed form 424B2 on September 29, 15:56:20 https://t.co/r5fouJnKg2'",1418
2020-09-29 19:55:07,b'$GS - Prospectus Filed Pursuant to Rule 424(b)(2) (424b2) https://t.co/NQCH34zIhx',304
2020-09-29 19:55:06,b'$GS - Prospectus Filed Pursuant to Rule 424(b)(2) (424b2) https://t.co/7qE281F53w',181
2020-09-29 19:52:32,"b'$GS [15s. delayed] filed form 424B2 on September 29, 15:51:26 https://t.co/g1vXIcixr3'",1418
2020-09-29 19:51:00,b'Get today winning alerts https://t.co/U9n2Kaum1X  $nio $shop $bynd $mu $unfi $jpm $blnk $useg $spce $gs $husa $aapl $srne $lmfa $apm $amd $adil $tsla $spy $aal $wwr $pton $dkng $abev $wfc $fit $gnus $m $wkhs $ped $ccl $plug $mro $bbd $itub $grnq $brn $ensv $fb $cei $sq $znga $slb https://t.co/lCHYcBuprC',9
2020-09-29 19:50:00,b'Another great week! I\xe2\x80\x99ve made over 45k by their alerts https://t.co/3ts90t54Yd  $NIO $BYND $USEG $SHOP $GS $UNFI $GDDY $BLINK $DKNG $MU $NOVS $MYOV $APDN $MXC $BZUN $AAPL $GNUS $TSLA $AAL $SRNE $NAOV $SUNW $OXBR $OPK $SPY $AMD $LONE $INO $WKHS $CZR $UAL $NKLA $PLUG https://t.co/JQuudc8V3B',61
2020-09-29 19:48:15,"b'$GS [15s. delayed] filed form 424B2 on September 29, 15:47:25 https://t.co/PMiPGUnSh5'",1418
2020-09-29 19:41:26,"b'$GS [15s. delayed] filed form 424B2 on September 29, 15:40:18 https://t.co/YeBVAvmivu'",1418
2020-09-29 19:40:09,b'$GS - Prospectus Filed Pursuant to Rule 424(b)(2) (424b2) https://t.co/7NkfVsjaJI',304
2020-09-29 19:40:09,b'$GS - Prospectus Filed Pursuant to Rule 424(b)(2) (424b2) https://t.co/q02dn6Sd71',304
2020-09-29 19:40:08,b'$GS - Prospectus Filed Pursuant to Rule 424(b)(2) (424b2) https://t.co/0d7LsPCaew',181
2020-09-29 19:40:07,b'$GS - Prospectus Filed Pursuant to Rule 424(b)(2) (424b2) https://t.co/0NZ1Hn3cm4',181
2020-09-29 19:40:00,"b'$NIO $BYND $USEG $SHOP $GS $UNFI $GDDY $BLINK $DKNG $MU $NOVS $MYOV $APDN $MXC $BZUN $AAPL $GNUS $TSLA $AAL $SRNE $NAOV $SUNW $OXBR $OPK $SPY $AMD $LONE $INO $WKHS $CZR   Started trading with $3k, down to $1k, back up to $42k. Big thanks to this community https://t.co/cB9ml2A8dt https://t.co/LGgdD4RFE0'",147
2020-09-29 19:37:41,"b'$GS [15s. delayed] filed form 424B2 on September 29, 15:36:24 https://t.co/Pmx6u7m7OI'",1418
2020-09-29 19:37:36,"b'$GS [15s. delayed] filed form 424B2 on September 29, 15:36:17 https://t.co/V5m8RCNeys'",1418
2020-09-29 19:34:34,"b'$GS [15s. delayed] filed form 424B2 on September 29, 15:33:28 https://t.co/7hDReBnatG'",1418
2020-09-29 19:33:46,"b'$GS [15s. delayed] filed form 424B2 on September 29, 15:32:49 https://t.co/WPaVslW1J8'",1418
2020-09-29 19:32:50,"b'$GS [15s. delayed] filed form 424B2 on September 29, 15:31:40 https://t.co/q7OhdAM49E'",1418
2020-09-29 19:31:09,b'$GS - Prospectus Filed Pursuant to Rule 424(b)(2) (424b2) https://t.co/MXY6jwaEqk',304
2020-09-29 19:31:09,b'$GS - Free Writing Prospectus - Filing Under Securities Act Rules 163/433 (fwp) https://t.co/s9BjVyUryb',304
2020-09-29 19:31:08,b'$GS - Prospectus Filed Pursuant to Rule 424(b)(2) (424b2) https://t.co/GImnEF1dsH',304
2020-09-29 19:31:08,b'$GS - Prospectus Filed Pursuant to Rule 424(b)(2) (424b2) https://t.co/W1fv7fZEWn',181
2020-09-29 19:31:07,b'$GS - Free Writing Prospectus - Filing Under Securities Act Rules 163/433 (fwp) https://t.co/UKxxeGtq99',181
2020-09-29 19:31:07,b'$GS - Prospectus Filed Pursuant to Rule 424(b)(2) (424b2) https://t.co/KYXutd3mBA',181
2020-09-29 19:30:14,"b'$GS [15s. delayed] filed form 424B2 on September 29, 15:29:13 https://t.co/4Pnxwv9bZo'",1418
2020-09-29 19:30:00,b'Amazing! Get Winning alerts https://t.co/KHWUEoreCr  $NIO $BYND $USEG $SHOP $GS $UNFI $GDDY $BLINK $DKNG $MU $NOVS $MYOV $APDN $MXC $BZUN $AAPL $GNUS $TSLA $AAL $SRNE $NAOV $SUNW $OXBR $OPK $SPY $AMD $LONE $INO $WKHS $CZR $UAL $NKLA $PLUG https://t.co/etbyxPaIDZ',103
2020-09-29 19:28:33,"b'$GS [15s. delayed] filed form 424B2 on September 29, 15:27:34 https://t.co/MdVblFCd7w'",1418
2020-09-29 19:28:03,"b'$GS [15s. delayed] filed form FWP on September 29, 15:26:56 https://t.co/Rm9jr0E1jN'",1418
2020-09-29 19:28:03,b'$GS - Prospectus Filed Pursuant to Rule 424(b)(2) (424b2) https://t.co/zprgL942jr',304
2020-09-29 19:28:02,b'$GS - Prospectus Filed Pursuant to Rule 424(b)(2) (424b2) https://t.co/r94Jo2Vczd',181
2020-09-29 19:27:44,"b'$GS [15s. delayed] filed form 424B2 on September 29, 15:26:16 https://t.co/GkQD5TMVya'",1418
2020-09-29 19:27:36,"b'$GS [15s. delayed] filed form 424B2 on September 29, 15:25:45 https://t.co/Vx7b6BcbZO'",1418
2020-09-29 19:27:27,"b'$GS [15s. delayed] filed form 424B2 on September 29, 15:25:53 https://t.co/XVD2xqgxR8'",1418
2020-09-29 19:25:50,b'Goldman Sachs $GS to acquire significant stake in EVIO INC $EVIO announcement as early as Tuesday https://t.co/18fy8EY2vD  $BSF $HCCI $RWLK $GGAZF $AKTX $SECO $MHTX $WMMVY $BBTpH $ECIFY $SOJC',1406
2020-09-29 19:25:29,"b'$GS [15s. delayed] filed form 424B2 on September 29, 15:24:27 https://t.co/gSiAMrcGJd'",1418
2020-09-29 19:22:07,b'$GS - Prospectus Filed Pursuant to Rule 424(b)(2) (424b2) https://t.co/rCW6twQGZX',304
2020-09-29 19:22:07,b'$GS - Prospectus Filed Pursuant to Rule 424(b)(2) (424b2) https://t.co/FzykPGE2mj',304
2020-09-29 19:22:06,b'$GS - Prospectus Filed Pursuant to Rule 424(b)(2) (424b2) https://t.co/wW2n1squcC',181
2020-09-29 19:22:06,b'$GS - Prospectus Filed Pursuant to Rule 424(b)(2) (424b2) https://t.co/HfS8vk3fIO',181
2020-09-29 19:21:00,b'Get today winning alerts https://t.co/U9n2Kaum1X  $nio $shop $bynd $mu $unfi $jpm $blnk $useg $spce $gs $husa $aapl $srne $lmfa $apm $amd $adil $tsla $spy $aal $wwr $pton $dkng $abev $wfc $fit $gnus $m $wkhs $ped $ccl $plug $mro $bbd $itub $grnq $brn $ensv $fb $cei $sq $znga $slb https://t.co/rWeR3HEh4A',9
2020-09-29 19:20:50,"b'$GS [15s. delayed] filed form 424B2 on September 29, 15:19:59 https://t.co/DzbFPv0RCG'",1418
2020-09-29 19:16:35,"b'$GS [15s. delayed] filed form 424B2 on September 29, 15:15:38 https://t.co/3VAc7jecuz'",1418
2020-09-29 19:13:27,"b'$GS [15s. delayed] filed form 424B2 on September 29, 15:11:52 https://t.co/MDCZImFFYW'",1418
2020-09-29 19:13:03,b'$GS - Prospectus Filed Pursuant to Rule 424(b)(2) (424b2) https://t.co/8juxNDRRsv',304
2020-09-29 19:13:02,b'$GS - Prospectus Filed Pursuant to Rule 424(b)(2) (424b2) https://t.co/xu7ChfdNPA',181
2020-09-29 19:10:00,"b'Started trading with $3k, down to $1k, back up to $42k. Big thanks to this community https://t.co/cB9ml2A8dt  $AAPL $GNUS $TSLA $AAL $SRNE $NAOV $SUNW $OXBR $OPK $SPY $AMD $LONE $INO $WKHS $CZR $UAL $NKLA $PLUG $NIO $BYND $USEG $SHOP $GS $UNFI $GDDY $BLINK $DKNG $MU $NOVS $MYOV https://t.co/655CJMhHkx'",147
2020-09-29 19:08:50,"b'$GS [15s. delayed] filed form 424B2 on September 29, 15:07:44 https://t.co/nZShGDjCRq'",1418
2020-09-29 19:06:34,"b""$GS' Michael Schmitz shares insights on why Germany is well-placed to weather the current challenges in this episode of The Daily Check-In: https://t.co/zIV3YdghNC https://t.co/rZFC1F3Ufs""",813289
2020-09-29 19:05:02,b'Tonight presidents debate will negative for $NFLX and positive for $FB $GOOGL for trend search or post ads ...IMO  $NVDA $UNH $GS $SPX',183
2020-09-29 19:04:05,b'$GS - Prospectus Filed Pursuant to Rule 424(b)(2) (424b2) https://t.co/q1KrVoWlGw',304
2020-09-29 19:04:04,b'$GS - Prospectus Filed Pursuant to Rule 424(b)(2) (424b2) https://t.co/aJUC38VVaL',181
2020-09-29 19:01:40,"b""Don't miss our next FREE OPTION TRADE.  Sign up for our Daily Free Trades at https://t.co/VYYlRI6oGV $NVDA $TSLA $GS $ORCL $BAC $GOOGL $FB""",1160
2020-09-29 19:00:31,"b'$GS [15s. delayed] filed form 424B2 on September 29, 14:59:31 https://t.co/TjyEem95bQ'",1418
2020-09-29 18:59:55,"b'$GS [15s. delayed] filed form 424B2 on September 29, 14:58:51 https://t.co/7A7WGXrvq6'",1418
2020-09-29 18:57:56,b'https://t.co/NrFvsr0dVj Join now $TSLA $NVDA  $MU $AMZN $MSFT $BABA $NFLX $ADBE $AXP $IBM $CSCO $CVX $INTC $DD $DIS $MCD $MMM $PG $TRV $UNH $NKE $UTX $VZ $WBA $WYNN $XLNX $ACN $FB $NFLX $DLTR $EA $SPY $SPX $DJIA $HD $GS $BA $GDX $VZ $WDC $AMD $ADSK $V $CAT $JPM https://t.co/sEpQIBtYHU',98
2020-09-29 18:55:09,b'$GS - Prospectus Filed Pursuant to Rule 424(b)(2) (424b2) https://t.co/oFs75VLp2Z',304
2020-09-29 18:55:09,b'$GS - Prospectus Filed Pursuant to Rule 424(b)(2) (424b2) https://t.co/2tP2O0OV4g',304
2020-09-29 18:55:08,b'$GS - Prospectus Filed Pursuant to Rule 424(b)(2) (424b2) https://t.co/u63lL8jS8y',181
2020-09-29 18:55:08,b'$GS - Prospectus Filed Pursuant to Rule 424(b)(2) (424b2) https://t.co/OkAHx6UxUa',181
2020-09-29 18:54:34,b'Goldman Sachs $GS raises price target for KRONOS ADVANCED TECHS INC $KNOS https://t.co/18fy8EY2vD  $PTCO $SRCE $CRAI $BACpD $TSQ $NVFY $USTC $THR $TQLA $PENYF $CALL $DWCH',1406
2020-09-29 18:52:59,"b'$GS [15s. delayed] filed form 424B2 on September 29, 14:52:08 https://t.co/jxEhcbjQJ8'",1418
2020-09-29 18:52:39,"b'$GS [15s. delayed] filed form 424B2 on September 29, 14:51:41 https://t.co/EDy9Ob27Oq'",1418
2020-09-29 18:51:00,b'Get today winning alerts https://t.co/U9n2KaLWTv  $nio $shop $bynd $mu $unfi $jpm $blnk $useg $spce $gs $husa $aapl $srne $lmfa $apm $amd $adil $tsla $spy $aal $wwr $pton $dkng $abev $wfc $fit $gnus $m $wkhs $ped $ccl $plug $mro $bbd $itub $grnq $brn $ensv $fb $cei $sq $znga $slb https://t.co/GFem1dYSoG',9
2020-09-29 18:48:42,"b'$GS [15s. delayed] filed form FWP on September 29, 14:47:59 https://t.co/lTbvKw3MuQ'",1418
2020-09-29 18:46:23,"b'Took them a couple tries, but $GS seems to be jumping in with both feet this time around Frank @fintechfrank https://t.co/3svLXaBRTY'",237619
2020-09-29 18:46:11,b'$GS - Prospectus Filed Pursuant to Rule 424(b)(2) (424b2) https://t.co/eejtwHnxQv',304
2020-09-29 18:46:11,b'$GS - Prospectus Filed Pursuant to Rule 424(b)(2) (424b2) https://t.co/tTMJSlaoLX',304
2020-09-29 18:46:10,b'$GS - Prospectus Filed Pursuant to Rule 424(b)(2) (424b2) https://t.co/fIb2EuRMDL',181
2020-09-29 18:46:09,b'$GS - Prospectus Filed Pursuant to Rule 424(b)(2) (424b2) https://t.co/uLBS9Pd4sp',181
2020-09-29 18:44:43,"b'$GS [15s. delayed] filed form 424B2 on September 29, 14:43:41 https://t.co/0OmbhSSoTo'",1418
2020-09-29 18:43:01,"b'$GS [15s. delayed] filed form 424B2 on September 29, 14:41:57 https://t.co/iuIZNyJSco'",1418
2020-09-29 18:39:36,"b'$GS [15s. delayed] filed form 424B2 on September 29, 14:38:26 https://t.co/OLMZgWQKSk'",1418
2020-09-29 18:36:28,b'$ITOX s/s 2 low 4 shorts 2 last https://t.co/ZAY6YTaHJs  $ACB $APHA $CRON $TRTC $CANN $GWPH $MCIG $MJNA $AMMJ $GRNH $CARA $CANA $CGRW $CBDS $CLSH $CODI $CVSI $DIGP  $MDCL $MNTR $MJNE $MYDX $NMUS $NTRR $NHLE $NDEV $OXIS $PRRE $RMHB $SPRWF $SRNA $TLRY $CAT $TSLA $GS $MGM $JNJ $PFE',18234
2020-09-29 18:36:02,"b'$GS - Goldman Shuffles Consumer Banking, Asset Management Executives -- 2nd Update https://t.co/Pw1v6PN8tL'",304
2020-09-29 18:36:01,"b'$GS - Goldman Shuffles Consumer Banking, Asset Management Executives -- 2nd Update https://t.co/gMDeWw9VFn'",181
2020-09-29 18:32:58,"b'#nasdaq green, added $GS and $MSFT for debate tonight \xf0\x9f\xa4\x9e'",3306
2020-09-29 18:31:07,b'$GS - Prospectus Filed Pursuant to Rule 424(b)(2) (424b2) https://t.co/70PR1DK5oy',304
2020-09-29 18:31:06,b'$GS - Prospectus Filed Pursuant to Rule 424(b)(2) (424b2) https://t.co/yxvnzSXPOf',181
2020-09-29 18:28:36,"b'$GS [15s. delayed] filed form 424B2 on September 29, 14:27:43 https://t.co/wgppa59HSd'",1418
2020-09-29 18:27:14,"b'$GS [15s. delayed] filed form 424B2 on September 29, 14:26:14 https://t.co/gU6w4Kn4vQ'",1418
2020-09-29 18:26:03,b'$GS - Prospectus Filed Pursuant to Rule 424(b)(2) (424b2) https://t.co/zICCe70hfg',304
2020-09-29 18:26:02,b'$GS - Prospectus Filed Pursuant to Rule 424(b)(2) (424b2) https://t.co/cWyZeAv4Ri',181
2020-09-29 18:24:27,"b'$GS [15s. delayed] filed form 424B2 on September 29, 14:23:23 https://t.co/OmylTB7SsO'",1418
2020-09-29 18:23:11,"b'$GS [15s. delayed] filed form 424B2 on September 29, 14:22:05 https://t.co/pBNhsGJExC'",1418
2020-09-29 18:22:03,b'$GS - Prospectus Filed Pursuant to Rule 424(b)(2) (424b2) https://t.co/YSjrj9nyic',304
2020-09-29 18:22:03,b'$GS - Prospectus Filed Pursuant to Rule 424(b)(2) (424b2) https://t.co/vGrU7u4nvP',181
2020-09-29 18:20:00,b'Get today winning alerts https://t.co/U9n2KaLWTv  $nio $shop $bynd $mu $unfi $jpm $blnk $useg $spce $gs $husa $aapl $srne $lmfa $apm $amd $adil $tsla $spy $aal $wwr $pton $dkng $abev $wfc $fit $gnus $m $wkhs $ped $ccl $plug $mro $bbd $itub $grnq $brn $ensv $fb $cei $sq $znga $slb https://t.co/22bSmL427T',9
2020-09-29 18:19:32,"b'$GS [15s. delayed] filed form 424B2 on September 29, 14:18:31 https://t.co/87SreoTX8N'",1418
2020-09-29 18:05:18,b'Do you know everything while trading in $DJIA $CAT $XOM $GS https://t.co/8zP8MKc2dK https://t.co/K6Wtzmgzn3',1762
2020-09-29 18:01:07,b'$GS - Prospectus Filed Pursuant to Rule 424(b)(2) (424b2) https://t.co/Rp4NBXO5DU',304
2020-09-29 18:01:07,b'$GS - Prospectus Filed Pursuant to Rule 424(b)(2) (424b2) https://t.co/5mQxtMkYwR',181
2020-09-29 18:00:14,"b'Sylvan Rock, First Private Residential Estate Designed by S3 Architecture and $ARGGY #AstonMartin $AML \xf0\x9f\x9a\x80Design https://t.co/BJPC6azIVC @S3Partners $EWU $EWUS $SLG $VNO $VGR $RLGY $SFTBY $RACE $NIO $TSLA #astonmartinracing #DBX $EWG $WBA $MS $JPM $ABC $BXP $ESRT $KBWY $TOL $C $GS'",309
2020-09-29 17:58:23,"b'$GS [15s. delayed] filed form 424B2 on September 29, 13:57:11 https://t.co/f6FFkw9cET'",1418
2020-09-29 17:54:37,b'Join our free discord https://t.co/jFep59ln98  $ACB $APHA $CRON $TRTC $CANN $GWPH $MCIG $MJNA $AMMJ $GRNH $CARA $CANA $CGRW $CBDS $CLSH $CODI $CVSI $DIGP  $MDCL $MNTR $MJNE $MYDX $NMUS $NTRR $NHLE $NDEV $OXIS $PRRE $RMHB $SPRWF $SRNA $TLRY $CAT $TSLA $GS $MGM $JNJ $PFE $MRK https://t.co/ybg3ykalfQ',336
2020-09-29 17:53:27,"b'$GS [15s. delayed] filed form 424B2 on September 29, 13:52:18 https://t.co/C1RaE3J3bl'",1418
2020-09-29 17:53:02,b'$ITOX WHY DO INSIDERS OWN 17.7% of the shares?\xf0\x9f\x92\xb8\xf0\x9f\x93\x88  $ACB $APHA $CRON $TRTC $CANN $GWPH $MCIG $MJNA $AMMJ $GRNH $CARA $CANA $CGRW $CBDS $CLSH $CODI $CVSI $DIGP  $MDCL $MNTR $MJNE $MYDX $NMUS $NTRR $NHLE $NDEV $OXIS $PRRE $RMHB $SPRWF $SRNA $TLRY $CAT $TSLA $GS $MGM $JNJ $PFE $MRK https://t.co/7SHyfHxhrL',18234
2020-09-29 17:52:33,"b'$GS [15s. delayed] filed form 424B2 on September 29, 13:51:16 https://t.co/jyqAidZKvf'",1418
2020-09-29 17:49:00,b'#Spending on personal #grooming down from last year  Full analysis: https://t.co/qMzsxih7zj  #AlternativeData #MachineLearning #ArtificialIntelligence #Shopping #Election #Beauty #Stocks $EL $REV $IPAR $ULTA $BBY $NOK $HD $GS $LRLCY $CVS $USO $UA $GLD $FB $PG $BUD $TIF $COTY $XLY https://t.co/VulJVVF5MK',114
2020-09-29 17:48:00,b'Get today winning alerts https://t.co/U9n2KaLWTv  $nio $shop $bynd $mu $unfi $jpm $blnk $useg $spce $gs $husa $aapl$srne $lmfa $apm $amd $adil$tsla $spy $aal $wwr $pton $dkng $abev $wfc $fit $gnus $m $wkhs $ped $ccl $plug $mro $bbd $itub $grnq $brn $ensv $fb $cei $sq $znga $slb https://t.co/oe88jJBPgR',9
2020-09-29 17:47:51,"b'$GS [15s. delayed] filed form 424B2 on September 29, 13:46:53 https://t.co/wvP8IYUowZ'",1418
2020-09-29 17:47:23,b'$GS - Goldman shuffles businesses to target more client funds https://t.co/CeYWiFPKVM',55674
2020-09-29 17:46:19,"b""$ITOX 2000%+ POTENTIAL Did u miss my alert last year on $SHMP 0068 TO 98 CENTS! $ALPP from 006 to 44 cents $HENC 0017 - 36 cents? $PNNX 0035 TO 89 CENTS?! No one saw the obvious. DON'T SLEEP ON $ITOX here\xf0\x9f\x92\xb8  $ACB $FB $AAPL $GNUS $XOM $S $C $MJNA $UAVS $TSLA $GS $BAC $F $T $MU $V https://t.co/G3yAA39ePv""",18234
2020-09-29 17:43:04,b'$GS - Prospectus Filed Pursuant to Rule 424(b)(2) (424b2) https://t.co/LwzUnbBOCt',304
2020-09-29 17:43:04,b'$GS - Prospectus Filed Pursuant to Rule 424(b)(2) (424b2) https://t.co/dmkA0iLCle',181
2020-09-29 17:42:42,"b'$GS [15s. delayed] filed form 424B2 on September 29, 13:41:47 https://t.co/cEniBgdDa1'",1418
2020-09-29 17:41:50,b'$ITOX govt contract 4 bridges in NE?!!\xf0\x9f\x92\xb8\xf0\x9f\x93\x88  $spx $es_f #daytrading #investing #futures $spy $nasdaq $zb_f $nq_f $cl_f $GC_f $XOM $ibm $amzn $googl $AVGO $WFM $cvs $bac $td $WMT $COST $WFC $jnj $GE $GS $tsla $utx $fb $JPM $dis $MCD $mo $NKE $TGT $RHT $V $gc_f $BTC $CHEK $OZSC $ZOM https://t.co/8S0gSixGtw',18234
2020-09-29 17:41:19,b'Join with 90K+ professional traders https://t.co/cT7j7eBfRI   $SPY $SPX $QQQ $ES_F $NQ_F $RTY_F $ZB_F $GC_F $NDX $RUT $AAPL $NFLX $AMZN $TSLA $FB $MSFT $DIA $NDX $IWM $QCOM $GDX $DAX $BYND $TWTR $GLD $SLV $GE_F $BABA $TLT $LYFT $VXX $TVIX $VIX $XLE $XOM $JPM $GS $GOOG $DIS $IBM https://t.co/YPCrIrfJR9',336
2020-09-29 17:40:42,b'$ITOX 011? 52WKHIGH 26 cents! OVERSOLD #TECH Tiny float\xf0\x9f\x93\x88\xe2\x9c\x88\xf0\x9f\x92\xb8  $SPY $SPX $QQQ $ES_F $NQ_F $RTY_F $ZB_F $GC_F $NDX $RUT $AAPL $NFLX $AMZN $TSLA $FB $MSFT $DIA $NDX $IWM $QCOM $GDX $DAX $BYND $TWTR $GLD $SLV $GE_F $BABA $TLT $LYFT $VXX $TVIX $VIX $XLE $XOM $JPM $GS $GOOG $DIS $IBM https://t.co/owqWIFJ5kH',18234
2020-09-29 17:39:16,"b'$GS [15s. delayed] filed form 424B2 on September 29, 13:38:17 https://t.co/8qKsrfSaUN'",1418
2020-09-29 17:37:04,b'$GS - Prospectus Filed Pursuant to Rule 424(b)(2) (424b2) https://t.co/bfqJMXufHT',304
2020-09-29 17:37:03,b'$GS - Prospectus Filed Pursuant to Rule 424(b)(2) (424b2) https://t.co/HinDV6DDAm',181
2020-09-29 17:33:22,"b'$GS [15s. delayed] filed form 424B2 on September 29, 13:32:25 https://t.co/xBX0qDs43s'",1418
2020-09-29 17:33:09,"b'$GS [15s. delayed] filed form 424B2 on September 29, 13:32:06 https://t.co/y09Rimaii2'",1418
2020-09-29 17:31:57,"b""What is inclusive entrepreneurship and why is it such a big investment opportunity? $GS' Asahi Pompey joined the first @Forbes Small Business Summit to discuss leveling the playing field by creating equal opportunities. Watch now: https://t.co/Yz7bXG0yWE""",813289
2020-09-29 17:31:03,b'$GS - Prospectus Filed Pursuant to Rule 424(b)(2) (424b2) https://t.co/Fsyj8m5kmo',304
2020-09-29 17:31:02,b'$GS - Prospectus Filed Pursuant to Rule 424(b)(2) (424b2) https://t.co/x2AM7nTCKp',181
2020-09-29 17:29:36,"b'Here is the mid-day update!   $PSTH Up $TDOC Rising $SBUX Cooling off after big rebound!   Mixed day but lots of opportunities accesos the market.   $COST $AMZN $GS $ABBV $MSFT $BRK.B $CMG $JNJ $CHGG $BMY  All opportunities, many more though!   EAT - SLEEP - PROFIT \xf0\x9f\x9a\x80'",819
2020-09-29 17:29:28,"b'$GS [15s. delayed] filed form 424B2 on September 29, 13:28:29 https://t.co/WUjtcHulmC'",1418
2020-09-29 17:06:33,b'$SCNG Strattner Capital Management Ltd. Signs Agreement with UK Based FCA Regulatory Hosting Provider Vantage Ventures to Launch Full-Service Brokerage Business https://t.co/rQexVSmFE4 $AMTD $ETFC $GS $BAC $JPM $C',2322
2020-09-29 17:03:16,"b'$GS [15s. delayed] filed form 424B2 on September 29, 13:01:40 https://t.co/QPL57yFjfm'",1418
2020-09-29 17:03:11,b'@MI2Partners Funny thing is tightening usually occurs mid-to-end of the bearish cycle.... and this time is ocurring prior to the downturn in the real economy. SCARY! #trading #lending #banking $JPM $GS $WFC',25
2020-09-29 17:03:00,"b'$NFLX Netflix Option Alert: Jan, 2022 $230 Puts Sweep (3) near the Ask: 800 @ $8.25 vs 895 OI; Earnings 10/20 After Close Ref=$489.88 [9/29/2020, 7:26:28 AM] [+$500k Sweeps Above Midpoint] Other Sweeps on: $VXRT $GS $EXPE $INO $JWN $F $CGC $SPCE $GSX $GNW $GM $CAH'",757
2020-09-29 17:02:10,"b""Don't miss our next FREE OPTION TRADE.  Sign up for our Daily Free Trades at https://t.co/2bEGYrC9Sm $NVDA $TSLA $GS $AAPL $BAC $GOOGL $FB""",1160
2020-09-29 16:59:16,"b'With #coronavirus is lurking, who in their right mind would want to own $WTI? $XOM and $CVX will reach $25 and $50, respectively. Try not to catch a falling knife.  $CCL will be lucky to survive post #COVID19 but i doubt it. $SPY $SPX $DIS $BA $GS $JPM $WFC Was yesterday a trap?'",90
2020-09-29 16:53:58,b'Today is Sept 29 Tuesday  $GS LOW IS $195.43  Currently $196.73 \xf0\x9f\xa4\x94 https://t.co/LqWIG7b2Lv',1044
2020-09-29 16:51:06,b'$pand literally nobody here $spy $qqq  $gs I do find it funny. https://t.co/Z7dCWZql9F',3377
2020-09-29 16:49:22,"b'$GS [15s. delayed] filed form 424B2 on September 29, 12:48:16 https://t.co/RLiMXKc88j'",1418
2020-09-29 16:47:51,"b'Recent $GS technical alerts: Non-ADX 1,2,3,4 Bearish plus 3 more alerts... https://t.co/nbleAya7SB'",8545
2020-09-29 16:46:37,"b'$GS [15s. delayed] filed form 424B2 on September 29, 12:45:37 https://t.co/leGbwkN4J9'",1418
2020-09-29 16:46:24,"b'$GS [15s. delayed] filed form 424B2 on September 29, 12:45:22 https://t.co/9jb7W0qYYp'",1418
2020-09-29 16:43:32,b'$TLRY - Tilray Marijuana OVERSOLD from $300 to $4.90!! Democrats say will LEGALIZE POT in USA if win! DEMS are leading by 10 points! $SNOW $PLAY $NKLA $INO $DKNG $PTON $WKHS $SPAQ $AMZN $TSLA $WMT $TGT $NVDA $SPY $GLD $EBAY $AAPL $FB $TWTR $GS $S $GOOG $DIS  $IBM $MSFT $BIDU $VZ https://t.co/wgvsHbfVC3',1247
2020-09-29 16:42:32,"b'$GS [15s. delayed] filed form 424B2 on September 29, 12:41:32 https://t.co/ok6N1Rotsh'",1418
2020-09-29 16:41:09,"b'$GS [15s. delayed] filed form 424B2 on September 29, 12:40:12 https://t.co/CaDRS8jyox'",1418
2020-09-29 16:40:15,b'$GS - Prospectus Filed Pursuant to Rule 424(b)(2) (424b2) https://t.co/5DbmjDfe02',304
2020-09-29 16:40:14,b'$GS - Prospectus Filed Pursuant to Rule 424(b)(2) (424b2) https://t.co/7eTN6ZbSvw',304
2020-09-29 16:40:13,b'$GS - Prospectus Filed Pursuant to Rule 424(b)(2) (424b2) https://t.co/GqpohHz9PK',304
2020-09-29 16:40:13,b'$GS - Prospectus Filed Pursuant to Rule 424(b)(2) (424b2) https://t.co/I7CZFM04pH',304
2020-09-29 16:40:12,b'$GS - Prospectus Filed Pursuant to Rule 424(b)(2) (424b2) https://t.co/6kiMmpwVnr',181
2020-09-29 16:40:12,b'$GS - Prospectus Filed Pursuant to Rule 424(b)(2) (424b2) https://t.co/wAjqfzGITa',181
2020-09-29 16:40:11,b'$GS - Prospectus Filed Pursuant to Rule 424(b)(2) (424b2) https://t.co/Xjfb5UqQKy',181
2020-09-29 16:40:11,b'$GS - Prospectus Filed Pursuant to Rule 424(b)(2) (424b2) https://t.co/FE4yVqMRuR',181
2020-09-29 16:39:21,"b'$GS [15s. delayed] filed form 424B2 on September 29, 12:38:25 https://t.co/q6vNmXT7IZ'",1418
2020-09-29 16:38:24,"b'$GS [15s. delayed] filed form 424B2 on September 29, 12:37:30 https://t.co/va9Y0gyTWo'",1418
2020-09-29 16:37:43,"b'$GS [15s. delayed] filed form 424B2 on September 29, 12:36:55 https://t.co/MpZLcTjywW'",1418
2020-09-29 16:36:40,"b'$GS [15s. delayed] filed form 424B2 on September 29, 12:35:46 https://t.co/VTox8vh5V1'",1418
2020-09-29 16:36:34,"b'$GS [15s. delayed] filed form 424B2 on September 29, 12:35:42 https://t.co/YyMED1JkGY'",1418
2020-09-29 16:32:48,"b'$GS [15s. delayed] filed form 424B2 on September 29, 12:31:40 https://t.co/koNa8xSIpv'",1418
2020-09-29 16:32:09,b'$GS - Prospectus Filed Pursuant to Rule 424(b)(2) (424b2) https://t.co/F3CspvzKen',304
2020-09-29 16:32:08,b'$GS - Prospectus Filed Pursuant to Rule 424(b)(2) (424b2) https://t.co/MB60SzUCxO',181
2020-09-29 16:30:26,"b'$GS [15s. delayed] filed form 424B2 on September 29, 12:29:24 https://t.co/n5RLumGSws'",1418
2020-09-29 16:30:01,"b""Inside 60's (Hourly):  $GS""",4232
2020-09-29 16:28:01,"b'$GS [15s. delayed] filed form 424B2 on September 29, 12:27:08 https://t.co/SdeDogtr5I'",1418
2020-09-29 16:22:53,b'@carlquintanilla @BobPisani @CNBC My only issue with this is while $JPM is undeniably guilty how can they be excoriated for behavior that every HFT engages in?  Either end the \xe2\x80\x9cFlash Boys\xe2\x80\x9d or say goodbye to meaningful margins and bank profitability.  $GS $C $WFC #StockMarket #RenissanceCapital https://t.co/fxHTz3Xpo6',888
2020-09-29 16:19:06,b'$GS - Prospectus Filed Pursuant to Rule 424(b)(2) (424b2) https://t.co/8uamnmGCV9',304
2020-09-29 16:19:05,b'$GS - Prospectus Filed Pursuant to Rule 424(b)(2) (424b2) https://t.co/kd8nwO7OIy',181
2020-09-29 16:17:57,"b'$GS [15s. delayed] filed form 424B2 on September 29, 12:17:00 https://t.co/U8zGk5Fs4x'",1418
2020-09-29 16:17:29,b'Names I\xe2\x80\x99m liking today! \xf0\x9f\x91\x87\xf0\x9f\x8f\xbd  $SBUX $CMG $COST $AMZN $AAPL $NVDA $BRK.B $TJX $JNJ $ABBV $DIS $MRVL $AMD $LVGO $TDOC $AXSM $BMY $GS $CRWD $CHGG $TTWO $LMT  EAT - SLEEP - PROFIT \xf0\x9f\x9a\x80',819
2020-09-29 16:16:04,"b'$GS - Goldman Shuffles Consumer Banking, Asset Management Executives -- Update https://t.co/bzF2T43TME'",304
2020-09-29 16:16:03,"b'$GS - Goldman Shuffles Consumer Banking, Asset Management Executives -- Update https://t.co/USewNsZFC4'",181
2020-09-29 16:06:50,b'See My Tweet To The President Of The United States Of America:  $aapl $amzn $abbv $ba $brk $bhc $crm $cmg $dis $f $ge $gm $hlf $iep $ibm $ko $pep $msft $nflx $fb $wfc $jpm $bac $c $ms $gs $shak $mcd $qsr $luv $dal $ual $pfe $goog $btc $nke $sbux $orcl $intc $xlnx $hd snap https://t.co/TiAbECGhwV',130
2020-09-29 16:04:09,b'$GS - Prospectus Filed Pursuant to Rule 424(b)(2) (424b2) https://t.co/B2IEuGu4jz',304
2020-09-29 16:04:08,b'$GS - Prospectus Filed Pursuant to Rule 424(b)(2) (424b2) https://t.co/V290ZEpV69',181
2020-09-29 16:02:59,"b'$GS [15s. delayed] filed form 424B2 on September 29, 12:02:01 https://t.co/iRR0OuzPkb'",1418
2020-09-29 16:00:22,"b'$GS [15s. delayed] filed form 424B2 on September 29, 11:59:35 https://t.co/s4xKXoJTcD'",1418
2020-09-29 15:50:47,b'$JPM $GS are only ones worried about #china their money is stuck there and they cannot take money out of there https://t.co/PUxAZOrja0',3726
2020-09-29 15:31:29,b'$CGC just hearing rumor that $GS telling people to get long   maybe they bought all the CALLS?',268
2020-09-29 15:26:54,b'Oversold on Hourly  \rhttps://t.co/2Hf0ZbjpKC \r$GM  29.56  to 28.79 \r$O  62.02  to 60.40 \r$BAH  85.39  to 84.59 \r$UNH  306.47  to 300.86 \r$CAH  47.88  to 47.19 \r$CI  166.00  to 162.83 \r$GS  200.00  to 195.43 \r$TNET  60.57  to',4513
2020-09-29 15:22:05,b'$GS - Prospectus Filed Pursuant to Rule 424(b)(2) (424b2) https://t.co/4wA8Qfo4ET',304
2020-09-29 15:22:05,b'$GS - Prospectus Filed Pursuant to Rule 424(b)(2) (424b2) https://t.co/i1odkC3nDj',181
2020-09-29 15:20:35,"b'$GS [15s. delayed] filed form 424B2 on September 29, 11:19:45 https://t.co/1YGtNQ0N4l'",1418
2020-09-29 15:19:38,b'Best crypto server with instant updates and alerts and free analysis join here :https://t.co/2cBl7hzkIo  $STORJ $EOS $ADA $XLM $TRS  $ZEC $TUSD $MOGX $ICX $ZRX $REP $BTM $BTS $SNI $ULT $NKE $UTX $VZ $WBA $WYNN $XLNX $ACN $FB $NFLX $DLTR $EA $SPY $SPX $DJIA $HD $GS $BA $GDX $VZ',29
2020-09-29 15:11:17,b'SCOOP: Goldman Sachs just shook up divisions to create a new consumer arm that wraps all of its wealth businesses together https://t.co/dBPbc8pi34 via @businessinsider $GS',4010
2020-09-29 15:10:07,b'$GS - Prospectus Filed Pursuant to Rule 424(b)(2) (424b2) https://t.co/HlM16LxsQI',304
2020-09-29 15:10:07,b'$GS - Prospectus Filed Pursuant to Rule 424(b)(2) (424b2) https://t.co/IPjlxfc4WO',181
2020-09-29 15:08:40,"b'$GS [15s. delayed] filed form 424B2 on September 29, 11:07:52 https://t.co/zd27xJQkJX'",1418
2020-09-29 15:07:04,b'Banks... god speed.  The only salvation is if we stay below the $UUP dollar blocks.   $BAC $GS $C $WFC $DJI $SPX $VXX $TLT $DXY https://t.co/YkCg8HsRRw',2259
2020-09-29 15:05:56,"b'$GS [15s. delayed] filed form 424B2 on September 29, 11:04:55 https://t.co/6kyQwQ35oK'",1418
2020-09-29 15:01:07,b'$GS - Prospectus Filed Pursuant to Rule 424(b)(2) (424b2) https://t.co/gHi6lEtBMk',304
2020-09-29 15:01:07,b'$GS - Prospectus Filed Pursuant to Rule 424(b)(2) (424b2) https://t.co/yMfxxGlVxG',181
2020-09-29 14:58:15,"b'$GS [15s. delayed] filed form 424B2 on September 29, 10:57:29 https://t.co/DPgxMvC1RE'",1418
2020-09-29 14:52:06,b'$GS - Prospectus Filed Pursuant to Rule 424(b)(2) (424b2) https://t.co/qK62ADBhft',304
2020-09-29 14:52:05,b'$GS - Prospectus Filed Pursuant to Rule 424(b)(2) (424b2) https://t.co/5NhZN8PjLZ',181
2020-09-29 14:50:30,b'Look like legit traders include this chat and making profits. FREE Check out now..https://t.co/CmCIV7NjCP  $LOMA $dzsi $lac $voxx $swbi $yang $bma $cyd $BBQ $CRK $CLPR $UNFI $GGAL $GS $LIVE $EXPI $ELP $ARCO $EGRX $ORA $NVTA $AMWL $VGR $CFB $AAPL $MSFT $AMZN $GOOG $GOOGL $UBER https://t.co/N1vHOvLglN',457
2020-09-29 14:49:48,"b'$GS [15s. delayed] filed form 424B2 on September 29, 10:48:57 https://t.co/0dGLHeaywB'",1418
2020-09-29 14:42:22,"b""Anyone know how many billion $$ is $SNE Sony's stake in #M3 Worth???? Investment in medical #M3 M3 is a medical web portal founded in 2000 that is used by doctors in #Japan #China #USA \xc2\xa0 https://t.co/XcojIdXZyD https://t.co/TFK5NHly5M $GS $EWJ $EWU $MS $MSFT $AAPL $EWG $FB $ARKG""",309
2020-09-29 14:42:10,"b'$SNE Sony should be already above $200 even in this market some companies are irreplaceable unique team ,IP portfolio https://t.co/Nfinc8XmSj stakes in M3 MEDICAL $SPOT $BILI #OLYMPUS Sony financial $MS $JPM $SAN $GS $BX #ps5 #PlayStation5 #PS5reveal'",309
2020-09-29 14:41:28,"b'Confirmed earnings dates so far for the next month. $QQQ $SPY $NFLX $DPZ $INTC $GS $PGR $C $PAYX $JPM $BAC $JNJ $WFC $KO $MMM $PFE $MRK $BP $T, etc.... @GaumondGN @bon_laetitia https://t.co/y7VUJ3kZh6'",302
2020-09-29 14:40:27,b'$39 target   stock is now $167   That is awful $GS $BYND https://t.co/f3dMw7Z7Ec',268
2020-09-29 14:39:15,b'$BYND $GS  how wrong can you be?  Only Andrew Left is worst then this $PTON $SHOP  https://t.co/rgnuLz6q3k',268
2020-09-29 14:37:45,"b'""Football is a simple game. Twenty-two men chase a ball for 90 minutes and at the end, the Germans always win.""   Gary Lineker  We go with $DMLRY #DAIMLER MERCEDES BENZ PT $100 #THEBESTORNOTHING... Forget $TSLA Tesla https://t.co/MKQQAOkajq buy $DDAIF $DAI.DE $aapl $amzn #DAX $GS'",50
2020-09-29 14:36:23,"b'Most winning trading chat!!! For a limited time, we are opening our trading chatroom to the public!  https://t.co/CmCIV7NjCP  $yang $bma $cyd $BBQ $CRK $CLPR $UNFI $GGAL $GS $LIVE $EXPI $ELP $ARCO $EGRX $ORA $NVTA $AMWL $VGR $CFB $AAPL $MSFT $AMZN $GOOG $GOOGL $BABA $FB https://t.co/gKjM2dDtkV'",457
2020-09-29 14:36:18,"b""$NIO is almost $20.  Do you remember the $7 $GS call in July.   I do.  Don't listen to $GS. They are the Trump of the markets. Listen to the price action https://t.co/Y1WlFsizEv""",256
2020-09-29 14:35:39,"b'Hey guys, check out this chat room. It\'s been around since 2015, with real traders helping each other profit.""https://t.co/CmCIV7NjCP  $JE $PT $MARA  $STC $BTO $CSIQ $TATT $D $TSLA $NIO $GGAL $GS $LIVE $EXPI $ELP $ARCO $EGRX $ORA $NVTA $AMWL $VGR $CFB'",457
2020-09-29 14:24:24,b'@macrodesiac_ $GS must be the holy ghost. https://t.co/MgHe5wLTnm',6578
2020-09-29 14:22:04,b'$GS - Prospectus Filed Pursuant to Rule 424(b)(2) (424b2) https://t.co/jErD6AbTg9',304
2020-09-29 14:22:03,b'$GS - Prospectus Filed Pursuant to Rule 424(b)(2) (424b2) https://t.co/kHTlYLflsp',181
2020-09-29 14:18:22,"b'$GS [15s. delayed] filed form 424B2 on September 29, 10:17:23 https://t.co/YayKqveNDx'",1418
2020-09-29 14:08:04,"b'$GS [15s. delayed] filed form 424B2 on September 29, 10:06:51 https://t.co/jq9P60RRFP'",1418
2020-09-29 13:53:14,b'@APompliano I want to hear bull vs bear on $SQ and how they are worth more than $GS because of the pandemic....  Does it make sense?',12
2020-09-29 13:52:06,b'$GS - Prospectus Filed Pursuant to Rule 424(b)(2) (424b2) https://t.co/BxNA4r3KK2',304
2020-09-29 13:52:05,b'$GS - Prospectus Filed Pursuant to Rule 424(b)(2) (424b2) https://t.co/mZcPYo8Gls',181
2020-09-29 13:50:09,"b'$GS [15s. delayed] filed form 424B2 on September 29, 09:49:18 https://t.co/zYg6IInxXU'",1418
2020-09-29 13:49:22,b'@DaleAmericaQQQ $SQ is worth more than $GS currently....  Just let that sink in.  More likely to go down than up..',12
2020-09-29 13:47:41,b'#choppy day $AAPL $nasdaq $es_f #daytrading #marketprofile #futures $spx $zb_f $nq_f $cl_f $GC_f $tsla $amzn $XOM $ibm $googl $AVGO $WFM $cvs $bac $td $WMT $COST $WFC $jnj $GE $GS $utx $fb $JPM $dis $MCD $mo $NKE $TGT $RHT $V $gc_f https://t.co/kVk18zJnU1',6105
2020-09-29 13:45:48,"b""Join this FREE Discord to see why I'm investing heavily into https://t.co/9AYwjeCTRp  $Alts $Crypto $Stocks $BTC $ETH $XRP $LTC $BCH $LINK $ICX $VET $ZIL $ADA $NKE $UTX $VZ $WBA $WYNN $XLNX $ACN $FB $NFLX $DLTR $EA $SPY $SPX $DJIA $HD $GS $BA $GDX $VZ $WDC $AMD $ADSK $V""",70
2020-09-29 13:33:39,b'Worth more than $GS https://t.co/vOYdpymKPL',12
2020-09-29 13:25:05,"b'OptionAlarm has provided sound Option Swing Trades to thousands of investors just like YOU for over 14 years!Free 10-day Trial, No credit Card Needed https://t.co/0xpOFIS6A8 $AAPL $AMZN $GOOGL $GS $TSLA'",3055
2020-09-29 13:18:42,b'Boqii Holdings IPO: What Investors Should Know About This Chinese Pet Retailer $BQ $GS $BABA https://t.co/HXv813LGDD via @benzinga',572
2020-09-29 13:17:37,"b'Really amazing place and excellent chatroom  for day  trading, swing trading, stocks and options\xe2\x80\xa6 https://t.co/ymkUcEqzC9  $UFAB $NPO $RMBI $LOMA $DZSI $LAC $VOXX $SWBI $AXNX $BBBY $BGNE $BIL $BNKD $BNSO $YANG $BMA $CYD $BBQ $CRK $CLPR $UNFI $GGAL $GS $LIVE $EXPI $ELP $ARCO https://t.co/l0HXjMD5vb'",0
2020-09-29 13:11:03,b'$GS https://t.co/ZTIcvYqTx7 Pot. intermed bot in Downtrend LONGERTERM Wly-Dly-Hly combo chart #Goldman #Trading https://t.co/Be92zCfBJS',745
2020-09-29 13:10:14,b'Boqii Holdings IPO: What Investors Should Know About This Chinese Pet Retailer  Related Tickers: $BABA $BQ $GS',2594
2020-09-29 13:07:10,b'@DeItaOne How? Because $gs has always been in bed with Democrats. Both are corrupt',1414
2020-09-29 12:55:07,"b'Try our Option Swing Trading service built for individuals who want to trade around their full-time careers. Take a free 10-day trail, No Credit Card https://t.co/W9Ad9rfpBP $AAPL $GS $GILD $FB'",3055
2020-09-29 12:38:22,b'Do you know everything while trading in $DJIA $CAT $XOM $GS https://t.co/8zP8MKc2dK https://t.co/qvjirm2tXY',1762
2020-09-29 12:22:56,b'Business formation picking up....from $GS...great to see. The way to stop this? Take away TCJA... https://t.co/1MuaPINct0',3300
2020-09-29 12:00:03,b'BidaskClub top 50 #StronglyBought $HCAT $SLP $HHR $AMSC $CMCSA $UNP $LOW $TRI $ACN $NOW $TGT $INFY $CSGP $KLAC $MTD $PTON $ZTS $RSG $WIT $PGR and #StronglySold $ABBV $CHL $GE $NOK $SNN $BKR $CVX $MPC $BA $GS $PBR $IQV $STT $BAC $TOT $LVS $EQR $BP $HSY  https://t.co/CvwlygS5Oj',135
2020-09-29 11:48:38,"b'It well might just to so if it promises an unbridled orgy of Fed-financed government spending. Whether that does much for health of the underlying economy - much less for individual liberty and intellectual freedom - is, however, another matter entirely. $GS #Trump v #Biden https://t.co/Ie2pdD0NZg'",1613
2020-09-29 11:45:52,b'This triangle on $GS was invalidated. I am exiting close to breakeven. I would consider re-entering above the blue line. https://t.co/iaJbJGmkdM https://t.co/UedA0wQ0wQ',17
2020-09-29 11:43:45,b'@zerohedge Markets just going to love this.... $GS \xf0\x9f\xa4\xa1  https://t.co/gEd6Vpqn10',596
2020-09-29 11:12:22,"b'$GS in Uptrend: price may jump up because it broke its lower Bollinger Band on September 23, 2020. View odds for this and other indicators: https://t.co/Ohuwb1Pl1w #GoldmanSachsGroup #stockmarket #stock #technicalanalysis #money #trading #investing #daytrading #news #today https://t.co/d1914p8ns9'",6393
2020-09-29 11:04:58,b'Our Stats: 86% success rate with an average profit of 15% in 4 days  https://t.co/lzbHxgU1hc    $SPY $SPX $QQQ $DJI $AAPL $NFLX $AMZN $PCLN $BABA $FB $GS $BAC $SNAP $GE $IBM $PM $BTSUSD $TSN $VZ $SPY $SPX $IWM $NFLX $AMZN $AAPL $FB  $SNAP $TTD $GOOGL $SPAQ https://t.co/fJsGMfn1Yl',0
2020-09-29 10:24:27,b'FY2021 Earnings Forecast for Goldman Sachs Group Inc $GS Issued By Oppenheimer https://t.co/kdTpGYB1Jm #stocks',7989
2020-09-29 10:10:33,"b""Walmart Looks To Invest Up To $25B In Tata's India Retail App, As Other US Giants Rush To Rival: Report $WMT $AMZN $GS $FB $GOOGL $GOOG $INTC https://t.co/zjXzMeCbc1""",1117
2020-09-29 10:03:39,"b""$GS time to consider some Financials...  Watch out:   204 level - if it crosses it it can run to 214 - 10pts  positive news flow from Tuesday's presidential debate  momementum will lead the way, follow the price action.""",2
2020-09-29 09:57:35,"b'Goldman Sachs expected to name Omer Ismail as consumer banking chief, FT says $GS'",1423
2020-09-29 08:36:23,b'McAfee Files For Nasdaq IPO Amid String Of Software Listings $BAC $C $GS $MS $FROG $SNOW $U $SUMO $INTC https://t.co/K3KUCbqKb6',4028
2020-09-29 08:01:22,b'$GS https://t.co/ZTIcvYqTx7 Pot. intermed top in Uptrend INTRAWEEK 60m-15m-4m combo chart #Goldman #Stocks https://t.co/0IkylzLdtR',745
2020-09-29 07:13:17,"b""Walmart Looks To Invest Up To $25B In Tata's India Retail App, As Other US Giants Rush To Rival: Report  Related Tickers: $AMZN $FB $GOOG $GOOGL $GS $INTC $WMT""",2594
2020-09-29 06:35:28,b'Do you know everything while trading in $DJIA $CAT $XOM $GS https://t.co/8zP8MKc2dK https://t.co/uepGdWoWEN',1762
2020-09-29 05:58:28,"b""$GS analysts are claiming #Election2020 fears are overblown. Prediction = they're under blown and GS will be wrong. There will be no clear winner = uncertainty. #China is behind #BLM and other #woke type movements. As we tried to democratize them, they're trying to #Marxist USA.""",5860
2020-09-29 05:26:41,b'Some leadership changes at Goldman in Australia &amp; NZ aka the Antipodes \xf0\x9f\x87\xa6\xf0\x9f\x87\xba\xf0\x9f\x87\xb3\xf0\x9f\x87\xbf   All-Aussie collab w/ @MsNabilaAhmed @HarryBrumpton $GS \xe2\xac\x87\xef\xb8\x8f https://t.co/bfTyRPCb6J',8834
2020-09-29 04:02:11,b'$ESI $CUB $ADBE $SNAP $TDOC $BABA $WB $TNDM $GS huge call spreads https://t.co/svNAZ5ONje',628
2020-09-29 03:59:37,b'$BRN (BRN:ASX)Fully funded via $29m LDA Capital PUT so no cap raise for shorts 2 cover option from 60c to 37c so shares will dry up now&amp; shorts that followed now MASSIVELY caught short by 200m+ shares. Low power Edge compute AI chips not a short $BHP $CBA $JPM $GS $MQG $FMG $APT',590
2020-09-29 03:26:23,b'$BRN (BRN:ASX)Fully funded via $29m from LDA Capital so no cap raise for shorts 2 cover.LDA put option from 60c to 37c so shares will dry up now&amp; shorts that followed now MASSIVELY caught short by 200m+ shares. Low power Edge compute AI chips not a short $BHP $CBA $JPM $GS $MQG',590
2020-09-29 03:19:16,"b'McAfee Files For Nasdaq IPO, Amid String Of Software Listings  Related Tickers: $BAC $C $GS $INTC $MS $SNOW $SUMO $U'",2594
2020-09-29 03:08:54,b'@QuisitiveInvest $GS trades under 10x.   Get the greedy scumbags working for you.',19368
2020-09-29 02:17:56,"b'\xe2\x80\x9cBy the way your best ideas are not going to come from thinking about how you [can] do what you do better, it\xe2\x80\x99s thinking about how you would beat yourself\xe2\x80\x9d -Joe Duran on @RealVision  #billions #unitedcapital $GS'",66
2020-09-29 01:15:58,"b'Look like legit traders include this chat and making profits. FREE Check out now..,,, https://t.co/NrFvsr0dVj  $LOMA $dzsi $lac $voxx $swbi $yang $bma $cyd $BBQ $CRK $CLPR $UNFI $GGAL $GS $LIVE $EXPI $ELP $ARCO $EGRX $ORA $NVTA $AMWL $VGR $CFB $AAPL $MSFT $AMZN $GOOG $GOOGL'",98
2020-09-29 01:12:48,b'Did #DSol say this? $GS https://t.co/2IPDOat00V',120
2020-09-29 01:10:50,b'@sanglucci That\xe2\x80\x99s why $GS is best. They say profitability is #1',261
2020-09-29 01:08:49,"b'Most winning trading chat!!! For a limited time, we are opening our trading chatroom to the public!  https://t.co/NrFvsr0dVj  $yang $bma $cyd $BBQ $CRK $CLPR $UNFI $GGAL $GS $LIVE $EXPI $ELP $ARCO $EGRX $ORA $NVTA $AMWL $VGR $CFB $AAPL $MSFT $AMZN $GOOG $GOOGL $BABA $FB https://t.co/UTewbTQo7D'",98
2020-09-29 01:08:31,"b'Hey guys, check out this chat room. It\'s been around since 2015, with real traders helping each other profit.""https://t.co/NrFvsr0dVj  $JE $PT $MARA  $STC $BTO $CSIQ $TATT $D $TSLA $NIO $GGAL $GS $LIVE $EXPI $ELP $ARCO $EGRX $ORA $NVTA $AMWL $VGR $CFB https://t.co/wKa5POHnuj'",98
2020-09-29 01:02:34,b'Best crypto server with instant updates and alerts and free analysis join here :https://t.co/2cBl7hQVzW  $STORJ $EOS $ADA $XLM $TRS  $ZEC $TUSD $MOGX $ICX $ZRX $REP $BTM $BTS $SNI $ULT $NKE $UTX $VZ $WBA $WYNN $XLNX $ACN $FB $NFLX $DLTR $EA $SPY $SPX $DJIA $HD $GS $BA $GDX $VZ https://t.co/47TM2TM6mc',29
2020-09-29 00:55:03,b'Try our swing trading service built for individuals who want to trade longer-term timeframes around their full-time careers. Find out more here: https://t.co/Zwr5M7So9R $GS $JPM $TWTR $YELP',3055
2020-09-29 00:54:36,b'Do you know everything while trading in $DJIA $CAT $XOM $GS https://t.co/8zP8MKc2dK https://t.co/vA32WIDjKB',1762
2020-09-29 00:52:02,b'https://t.co/CmCIV7vIef Join now $TSLA $NVDA  $MU $AMZN $MSFT $BABA $NFLX $ADBE $AXP $IBM $CSCO $CVX $INTC $DD $DIS $MCD $MMM $PG $TRV $UNH $NKE $UTX $VZ $WBA $WYNN $XLNX $ACN $FB $NFLX $DLTR $EA $SPY $SPX $DJIA $HD $GS $BA $GDX $VZ $WDC $AMD $ADSK $V $CAT $JPM https://t.co/0UNO3V1Xv5',457
2020-09-29 00:48:45,"b'Tomrrow\xe2\x80\x99s #watchlist for #NYSE, #NASDAQ between $150 and $200: $BA $FNGU $GNRC $GS $HON $IWM $KLAC $LOW $PYPL $QDEL $ROKU $SE $SGEN $SQ $STE $TGT $UNP $UPS $WHR $ZTS'",480
2020-09-29 00:41:38,b'https://t.co/CmCIV7vIef Join now $TSLA $NVDA  $MU $AMZN $MSFT $BABA $NFLX $ADBE $AXP $IBM $CSCO $CVX $INTC $DD $DIS $MCD $MMM $PG $TRV $UNH $NKE $UTX $VZ $WBA $WYNN $XLNX $ACN $FB $NFLX $DLTR $EA $SPY $SPX $DJIA $HD $GS $BA $GDX $VZ $WDC $AMD $ADSK $V $CAT $JPM https://t.co/WfWYP2pff8',457
2020-09-29 00:36:01,b'Short sale volume (not short interest) for $GS at 2020-09-28 is 33%. https://t.co/AFJVsx9U5U $DB 37% $JPM 30% $SMFG 62% $BAC 39%',3355
2020-09-29 00:15:20,b'Very interesting to see financials getting life. Probably EU banks helping.  Is it gonna be a 1 day anomaly or 2nd day continuation?  $JPM $GS $WFC $BAC $C',6566
2020-09-29 00:04:44,b'@The_Real_Fly @zerohedge Should held my $GS calls',62
2020-09-29 00:00:01,b'Short sale volume(not short interest) for $GS on 2020-09-25 is 55%. https://t.co/AFJVsx9U5U $SMFG 66% $DB 59% $BAC 40% $JPM 37%',3355
